user_snippet,prediction
2066_0,Upstairs
2066_1,Walking
2066_2,Jogging
2066_3,Walking
2066_4,Walking
2066_5,Upstairs
2066_6,Standing
2066_7,Downstairs
2066_8,Jogging
2066_9,Sitting
2066_10,Walking
2066_11,Walking
2066_12,Jogging
2066_13,Jogging
2066_14,Downstairs
2066_15,Walking
2066_16,Upstairs
2066_17,Jogging
2066_18,Walking
2066_19,Walking
2066_20,Sitting
2066_21,Upstairs
2066_22,Downstairs
2066_23,Walking
2066_24,Jogging
2066_25,Downstairs
2066_26,Jogging
2066_27,Jogging
2066_28,Jogging
2066_29,Upstairs
2066_30,Walking
2066_31,Jogging
2066_32,Walking
2066_33,Walking
2066_34,Jogging
2066_35,Walking
2066_36,Walking
2066_37,Walking
2066_38,Jogging
2066_39,Walking
2066_40,Walking
2066_41,Downstairs
2066_42,Jogging
2066_43,Downstairs
2066_44,Walking
2066_45,Jogging
2066_46,Jogging
2066_47,Walking
2066_48,Sitting
2066_49,Walking
2066_50,Downstairs
2066_51,Jogging
2066_52,Sitting
2066_53,Walking
2066_54,Jogging
2066_55,Walking
2066_56,Sitting
2066_57,Walking
2066_58,Walking
2066_59,Jogging
2066_60,Upstairs
2066_61,Sitting
2066_62,Jogging
2066_63,Walking
2066_64,Walking
2066_65,Walking
2066_66,Jogging
2066_67,Upstairs
2066_68,Walking
2066_69,Jogging
2066_70,Downstairs
2066_71,Walking
2066_72,Downstairs
2066_73,Upstairs
2066_74,Jogging
2066_75,Walking
2066_76,Downstairs
2066_77,Upstairs
2066_78,Walking
2066_79,Jogging
2066_80,Jogging
2066_81,Jogging
2066_82,Sitting
2066_83,Sitting
2066_84,Jogging
2066_85,Downstairs
2066_86,Upstairs
2066_87,Upstairs
2066_88,Walking
2066_89,Walking
2066_90,Walking
2066_91,Jogging
2066_92,Jogging
2066_93,Jogging
2066_94,Walking
2066_95,Walking
2066_96,Jogging
2066_97,Walking
2066_98,Jogging
2066_99,Jogging
2066_100,Upstairs
2066_101,Jogging
2066_102,Walking
2066_103,Jogging
2066_104,Jogging
2066_105,Downstairs
2066_106,Upstairs
2066_107,Walking
2066_108,Walking
2066_109,Downstairs
2066_110,Jogging
2066_111,Upstairs
2066_112,Jogging
2066_113,Jogging
2066_114,Downstairs
2066_115,Walking
2066_116,Downstairs
2066_117,Walking
2066_118,Walking
2066_119,Walking
2066_120,Walking
2066_121,Jogging
2066_122,Upstairs
2066_123,Jogging
2066_124,Upstairs
2066_125,Jogging
2066_126,Jogging
2066_127,Standing
2066_128,Walking
2066_129,Jogging
2066_130,Jogging
2066_131,Walking
2066_132,Walking
2066_133,Downstairs
2066_134,Walking
2066_135,Upstairs
2066_136,Walking
2066_137,Jogging
2066_138,Walking
2066_139,Jogging
2066_140,Jogging
2066_141,Upstairs
2066_142,Upstairs
2066_143,Jogging
2066_144,Walking
2066_145,Jogging
2066_146,Standing
2066_147,Walking
2066_148,Walking
2066_149,Downstairs
2066_150,Upstairs
2066_151,Sitting
2066_152,Downstairs
2066_153,Walking
2066_154,Downstairs
2066_155,Downstairs
2066_156,Jogging
2066_157,Jogging
2066_158,Jogging
2066_159,Upstairs
2066_160,Jogging
2066_161,Jogging
2066_162,Upstairs
2066_163,Jogging
2066_164,Downstairs
2066_165,Walking
2066_166,Sitting
2066_167,Jogging
2066_168,Jogging
2066_169,Walking
2066_170,Jogging
2066_171,Downstairs
2066_172,Upstairs
2066_173,Downstairs
2066_174,Walking
2066_175,Jogging
2066_176,Upstairs
2066_177,Upstairs
2066_178,Downstairs
2066_179,Jogging
2066_180,Walking
2066_181,Sitting
2066_182,Downstairs
2066_183,Upstairs
2066_184,Jogging
2066_185,Standing
2066_186,Jogging
2066_187,Walking
2066_188,Jogging
2066_189,Walking
2066_190,Downstairs
2066_191,Jogging
2066_192,Standing
2066_193,Upstairs
2066_194,Walking
2066_195,Downstairs
2066_196,Jogging
2066_197,Upstairs
2066_198,Upstairs
2066_199,Jogging
2066_200,Jogging
2066_201,Walking
2066_202,Downstairs
2066_203,Upstairs
2066_204,Walking
2066_205,Standing
2066_206,Upstairs
2066_207,Walking
2066_208,Standing
2066_209,Jogging
2066_210,Walking
2066_211,Walking
2066_212,Jogging
2066_213,Jogging
2066_214,Walking
2066_215,Jogging
2066_216,Walking
2066_217,Standing
2066_218,Jogging
2066_219,Jogging
2066_220,Walking
2066_221,Walking
2066_222,Walking
2066_223,Walking
2066_224,Walking
2066_225,Walking
2066_226,Upstairs
2066_227,Walking
2066_228,Walking
2066_229,Upstairs
2066_230,Jogging
2066_231,Walking
2066_232,Walking
2066_233,Walking
2066_234,Upstairs
2066_235,Walking
2066_236,Walking
2066_237,Walking
2066_238,Jogging
2066_239,Walking
2066_240,Jogging
2066_241,Jogging
2066_242,Jogging
2066_243,Jogging
2066_244,Walking
2066_245,Downstairs
2066_246,Jogging
2066_247,Standing
2066_248,Downstairs
2066_249,Jogging
2066_250,Walking
2066_251,Jogging
2066_252,Walking
2066_253,Upstairs
2066_254,Upstairs
2066_255,Walking
2066_256,Walking
2066_257,Walking
2066_258,Upstairs
2066_259,Walking
2066_260,Walking
2066_261,Jogging
2066_262,Upstairs
2066_263,Upstairs
2066_264,Jogging
2066_265,Downstairs
2066_266,Jogging
2066_267,Walking
2066_268,Upstairs
2066_269,Jogging
2066_270,Upstairs
2066_271,Jogging
2066_272,Walking
2066_273,Sitting
2066_274,Walking
2066_275,Upstairs
2066_276,Jogging
2066_277,Jogging
2066_278,Walking
2066_279,Walking
2066_280,Standing
2066_281,Jogging
2066_282,Jogging
2066_283,Walking
2066_284,Standing
2066_285,Walking
2066_286,Upstairs
2066_287,Walking
2066_288,Jogging
2066_289,Walking
2066_290,Walking
2066_291,Walking
2066_292,Walking
2066_293,Jogging
2066_294,Standing
2066_295,Standing
2066_296,Jogging
2066_297,Upstairs
2066_298,Walking
2066_299,Jogging
2066_300,Upstairs
2066_301,Walking
2066_302,Jogging
2066_303,Walking
2066_304,Upstairs
2066_305,Standing
2066_306,Walking
2066_307,Walking
2066_308,Downstairs
2066_309,Walking
2066_310,Jogging
2066_311,Standing
2066_312,Walking
2066_313,Walking
2066_314,Walking
2066_315,Jogging
2066_316,Upstairs
2066_317,Walking
2066_318,Walking
2066_319,Jogging
2066_320,Upstairs
2066_321,Upstairs
2066_322,Walking
2066_323,Standing
2066_324,Walking
2066_325,Upstairs
2066_326,Jogging
2066_327,Upstairs
2066_328,Jogging
2066_329,Downstairs
2066_330,Jogging
2066_331,Walking
2066_332,Jogging
2066_333,Jogging
2066_334,Walking
2066_335,Upstairs
2066_336,Jogging
2066_337,Walking
2066_338,Jogging
2066_339,Walking
2066_340,Walking
2066_341,Upstairs
2066_342,Walking
2066_343,Jogging
2066_344,Upstairs
2066_345,Jogging
2066_346,Walking
2066_347,Jogging
2066_348,Jogging
2066_349,Walking
2066_350,Walking
2066_351,Upstairs
2066_352,Walking
2066_353,Jogging
2066_354,Walking
2066_355,Walking
2066_356,Walking
2066_357,Downstairs
2066_358,Walking
2066_359,Walking
2066_360,Upstairs
2069_0,Sitting
2069_1,Walking
2069_2,Jogging
2069_3,Walking
2069_4,Walking
2069_5,Upstairs
2069_6,Downstairs
2069_7,Walking
2069_8,Jogging
2069_9,Upstairs
2069_10,Sitting
2069_11,Jogging
2069_12,Upstairs
2069_13,Walking
2069_14,Walking
2069_15,Upstairs
2069_16,Jogging
2069_17,Jogging
2069_18,Jogging
2069_19,Walking
2069_20,Walking
2069_21,Jogging
2069_22,Jogging
2069_23,Upstairs
2069_24,Upstairs
2069_25,Jogging
2069_26,Jogging
2069_27,Downstairs
2069_28,Downstairs
2069_29,Walking
2069_30,Upstairs
2069_31,Downstairs
2069_32,Walking
2069_33,Upstairs
2069_34,Jogging
2069_35,Standing
2069_36,Walking
2069_37,Upstairs
2069_38,Jogging
2069_39,Jogging
2069_40,Walking
2069_41,Jogging
2069_42,Walking
2069_43,Downstairs
2069_44,Upstairs
2069_45,Jogging
2069_46,Walking
2069_47,Downstairs
2069_48,Walking
2069_49,Standing
2069_50,Jogging
2069_51,Downstairs
2069_52,Walking
2069_53,Upstairs
2069_54,Walking
2069_55,Walking
2069_56,Jogging
2069_57,Downstairs
2069_58,Jogging
2069_59,Walking
2069_60,Jogging
2069_61,Sitting
2069_62,Jogging
2069_63,Jogging
2069_64,Walking
2069_65,Walking
2069_66,Upstairs
2069_67,Sitting
2069_68,Downstairs
2069_69,Walking
2069_70,Walking
2069_71,Standing
2069_72,Upstairs
2069_73,Jogging
2069_74,Sitting
2069_75,Walking
2069_76,Jogging
2069_77,Downstairs
2069_78,Walking
2069_79,Jogging
2069_80,Walking
2069_81,Jogging
2069_82,Walking
2069_83,Downstairs
2069_84,Sitting
2069_85,Jogging
2069_86,Sitting
2069_87,Jogging
2069_88,Downstairs
2069_89,Walking
2069_90,Walking
2069_91,Walking
2069_92,Walking
2069_93,Downstairs
2069_94,Sitting
2069_95,Downstairs
2069_96,Walking
2069_97,Walking
2069_98,Jogging
2069_99,Upstairs
2069_100,Upstairs
2069_101,Jogging
2069_102,Standing
2069_103,Walking
2069_104,Downstairs
2069_105,Walking
2069_106,Upstairs
2069_107,Walking
2069_108,Walking
2069_109,Downstairs
2069_110,Jogging
2069_111,Walking
2069_112,Jogging
2069_113,Walking
2069_114,Downstairs
2069_115,Standing
2069_116,Jogging
2069_117,Standing
2069_118,Upstairs
2069_119,Jogging
2069_120,Walking
2069_121,Upstairs
2069_122,Downstairs
2069_123,Jogging
2069_124,Upstairs
2069_125,Jogging
2069_126,Downstairs
2069_127,Walking
2069_128,Walking
2069_129,Jogging
2069_130,Jogging
2069_131,Upstairs
2069_132,Jogging
2069_133,Jogging
2069_134,Upstairs
2069_135,Jogging
2069_136,Sitting
2069_137,Walking
2069_138,Upstairs
2069_139,Downstairs
2069_140,Upstairs
2069_141,Standing
2069_142,Walking
2069_143,Downstairs
2069_144,Downstairs
2069_145,Jogging
2069_146,Jogging
2069_147,Jogging
2069_148,Jogging
2069_149,Downstairs
2069_150,Jogging
2069_151,Sitting
2069_152,Walking
2069_153,Jogging
2069_154,Standing
2069_155,Jogging
2069_156,Downstairs
2069_157,Standing
2069_158,Jogging
2069_159,Downstairs
2069_160,Upstairs
2069_161,Walking
2069_162,Walking
2069_163,Jogging
2069_164,Walking
2069_165,Sitting
2069_166,Upstairs
2069_167,Jogging
2069_168,Downstairs
2069_169,Upstairs
2069_170,Upstairs
2069_171,Walking
2069_172,Upstairs
2069_173,Jogging
2069_174,Upstairs
2069_175,Walking
2069_176,Downstairs
2069_177,Sitting
2069_178,Jogging
2069_179,Walking
2069_180,Jogging
2069_181,Jogging
2069_182,Downstairs
2069_183,Jogging
2069_184,Upstairs
2069_185,Walking
2069_186,Downstairs
2069_187,Jogging
2069_188,Upstairs
2069_189,Walking
2069_190,Jogging
2069_191,Upstairs
2069_192,Walking
2069_193,Sitting
2069_194,Standing
2069_195,Walking
2069_196,Downstairs
2069_197,Standing
2069_198,Walking
2069_199,Jogging
2069_200,Standing
2069_201,Downstairs
2069_202,Standing
2069_203,Walking
2069_204,Walking
2069_205,Jogging
2069_206,Walking
2069_207,Jogging
2069_208,Walking
2069_209,Downstairs
2069_210,Walking
2069_211,Walking
2069_212,Walking
2069_213,Walking
2069_214,Jogging
2069_215,Upstairs
2069_216,Jogging
2069_217,Jogging
2069_218,Jogging
2069_219,Downstairs
2069_220,Standing
2069_221,Jogging
2069_222,Jogging
2069_223,Jogging
2069_224,Jogging
2069_225,Jogging
2069_226,Upstairs
2069_227,Sitting
2069_228,Sitting
2069_229,Upstairs
2069_230,Upstairs
2069_231,Sitting
2069_232,Sitting
2069_233,Jogging
2069_234,Walking
2069_235,Upstairs
2069_236,Walking
2069_237,Downstairs
2069_238,Jogging
2069_239,Jogging
2069_240,Jogging
2069_241,Jogging
2069_242,Walking
2069_243,Jogging
2069_244,Sitting
2069_245,Jogging
2069_246,Sitting
2069_247,Walking
2069_248,Walking
2069_249,Jogging
2069_250,Jogging
2069_251,Upstairs
2069_252,Walking
2069_253,Jogging
2069_254,Upstairs
2069_255,Walking
2069_256,Sitting
2069_257,Jogging
2069_258,Walking
2069_259,Upstairs
2069_260,Upstairs
2069_261,Walking
2069_262,Walking
2069_263,Standing
2069_264,Upstairs
2069_265,Walking
2069_266,Standing
2069_267,Walking
2069_268,Walking
2069_269,Sitting
2069_270,Walking
2069_271,Walking
2069_272,Walking
2069_273,Sitting
2069_274,Jogging
2069_275,Downstairs
2069_276,Sitting
2069_277,Walking
2069_278,Upstairs
2069_279,Upstairs
2069_280,Jogging
2069_281,Sitting
2069_282,Standing
2069_283,Jogging
2069_284,Sitting
2069_285,Upstairs
2069_286,Downstairs
2069_287,Walking
2069_288,Jogging
2069_289,Jogging
2069_290,Downstairs
2069_291,Upstairs
2069_292,Upstairs
2069_293,Jogging
2069_294,Jogging
2069_295,Upstairs
2069_296,Jogging
2069_297,Walking
2069_298,Upstairs
2069_299,Upstairs
2069_300,Walking
2069_301,Downstairs
2069_302,Sitting
2069_303,Sitting
2069_304,Walking
2069_305,Walking
2069_306,Jogging
2069_307,Jogging
2069_308,Standing
2069_309,Jogging
2069_310,Walking
2069_311,Sitting
2069_312,Jogging
2069_313,Upstairs
2069_314,Jogging
2069_315,Jogging
2069_316,Walking
2069_317,Jogging
2069_318,Standing
2069_319,Standing
2069_320,Jogging
2069_321,Jogging
2178_0,Jogging
2178_1,Upstairs
2178_2,Walking
2178_3,Walking
2178_4,Walking
2178_5,Upstairs
2178_6,Walking
2178_7,Upstairs
2178_8,Walking
2178_9,Upstairs
2178_10,Upstairs
2178_11,Walking
2178_12,Walking
2178_13,Walking
2178_14,Walking
2178_15,Walking
2178_16,Walking
2178_17,Walking
2178_18,Upstairs
2178_19,Upstairs
2178_20,Upstairs
2178_21,Walking
2178_22,Walking
2178_23,Upstairs
2178_24,Walking
2178_25,Upstairs
2178_26,Upstairs
2178_27,Standing
2178_28,Downstairs
2178_29,Upstairs
2178_30,Upstairs
2178_31,Jogging
2178_32,Walking
2178_33,Walking
2178_34,Upstairs
2178_35,Jogging
2178_36,Walking
2178_37,Walking
2178_38,Upstairs
2178_39,Upstairs
2178_40,Walking
2178_41,Walking
2178_42,Walking
2178_43,Upstairs
2178_44,Walking
2178_45,Standing
2178_46,Walking
2178_47,Upstairs
2178_48,Walking
2178_49,Jogging
2178_50,Walking
2178_51,Upstairs
2178_52,Walking
2178_53,Walking
2178_54,Walking
2178_55,Upstairs
2178_56,Walking
2178_57,Walking
2178_58,Walking
2178_59,Walking
2178_60,Upstairs
2178_61,Standing
2178_62,Walking
2178_63,Upstairs
2178_64,Upstairs
2178_65,Walking
2178_66,Upstairs
2178_67,Jogging
2178_68,Upstairs
2178_69,Upstairs
2178_70,Walking
2178_71,Upstairs
2178_72,Jogging
2178_73,Upstairs
2178_74,Upstairs
2178_75,Downstairs
2178_76,Upstairs
2178_77,Upstairs
2178_78,Walking
2178_79,Jogging
2178_80,Jogging
2178_81,Jogging
2178_82,Walking
2178_83,Standing
2178_84,Walking
2178_85,Downstairs
2178_86,Walking
2178_87,Upstairs
2178_88,Walking
2178_89,Upstairs
2178_90,Upstairs
2178_91,Upstairs
2178_92,Downstairs
2178_93,Jogging
2178_94,Downstairs
2178_95,Walking
2178_96,Walking
2178_97,Walking
2178_98,Walking
2178_99,Downstairs
2178_100,Upstairs
2178_101,Walking
2178_102,Walking
2178_103,Walking
2178_104,Downstairs
2178_105,Standing
2178_106,Walking
2178_107,Walking
2178_108,Upstairs
2178_109,Jogging
2178_110,Upstairs
2178_111,Walking
2178_112,Walking
2178_113,Walking
2178_114,Walking
2178_115,Walking
2178_116,Walking
2178_117,Walking
2178_118,Upstairs
2178_119,Walking
2178_120,Walking
2178_121,Walking
2178_122,Walking
2178_123,Upstairs
2178_124,Upstairs
2178_125,Walking
2178_126,Jogging
2178_127,Walking
2178_128,Jogging
2178_129,Walking
2178_130,Upstairs
2178_131,Upstairs
2178_132,Upstairs
2178_133,Upstairs
2178_134,Upstairs
2178_135,Upstairs
2178_136,Upstairs
2178_137,Walking
2178_138,Downstairs
2178_139,Walking
2178_140,Walking
2178_141,Downstairs
2178_142,Upstairs
2178_143,Walking
2178_144,Upstairs
2178_145,Jogging
2178_146,Upstairs
2178_147,Jogging
2178_148,Downstairs
2178_149,Upstairs
2178_150,Upstairs
2178_151,Upstairs
2178_152,Upstairs
2178_153,Upstairs
2178_154,Walking
2178_155,Walking
2178_156,Upstairs
2178_157,Walking
2178_158,Upstairs
2178_159,Walking
2178_160,Jogging
2178_161,Walking
2178_162,Walking
2178_163,Upstairs
2178_164,Walking
2178_165,Walking
2178_166,Walking
2178_167,Walking
2178_168,Walking
2178_169,Walking
2178_170,Walking
2178_171,Walking
2178_172,Walking
2178_173,Walking
2178_174,Walking
2178_175,Jogging
2178_176,Walking
2178_177,Upstairs
2178_178,Walking
2178_179,Standing
2178_180,Jogging
2178_181,Walking
2178_182,Upstairs
2178_183,Upstairs
2178_184,Downstairs
2178_185,Walking
2178_186,Jogging
2178_187,Upstairs
2178_188,Jogging
2178_189,Upstairs
2178_190,Walking
2178_191,Walking
2178_192,Jogging
2178_193,Upstairs
2178_194,Walking
2178_195,Downstairs
2178_196,Walking
2178_197,Standing
2178_198,Walking
2178_199,Upstairs
2178_200,Walking
2178_201,Walking
2178_202,Walking
2178_203,Upstairs
2178_204,Downstairs
2178_205,Jogging
2178_206,Upstairs
2178_207,Upstairs
2178_208,Walking
2178_209,Standing
2178_210,Walking
2178_211,Downstairs
2178_212,Upstairs
2178_213,Walking
2178_214,Upstairs
2178_215,Walking
2178_216,Upstairs
2178_217,Walking
2178_218,Downstairs
2178_219,Upstairs
2178_220,Upstairs
2203_0,Upstairs
2203_1,Jogging
2203_2,Walking
2203_3,Walking
2203_4,Jogging
2203_5,Walking
2203_6,Upstairs
2203_7,Downstairs
2203_8,Upstairs
2203_9,Jogging
2203_10,Walking
2203_11,Walking
2203_12,Upstairs
2203_13,Jogging
2203_14,Jogging
2203_15,Jogging
2203_16,Walking
2203_17,Jogging
2203_18,Jogging
2203_19,Walking
2203_20,Jogging
2203_21,Upstairs
2203_22,Walking
2203_23,Upstairs
2203_24,Downstairs
2203_25,Jogging
2203_26,Walking
2203_27,Jogging
2203_28,Walking
2203_29,Jogging
2203_30,Upstairs
2203_31,Walking
2203_32,Walking
2203_33,Jogging
2203_34,Walking
2203_35,Jogging
2203_36,Walking
2203_37,Walking
2203_38,Walking
2203_39,Upstairs
2203_40,Walking
2203_41,Jogging
2203_42,Walking
2203_43,Walking
2203_44,Jogging
2203_45,Downstairs
2203_46,Jogging
2203_47,Walking
2203_48,Jogging
2203_49,Jogging
2203_50,Upstairs
2203_51,Walking
2203_52,Walking
2203_53,Walking
2203_54,Upstairs
2203_55,Walking
2203_56,Upstairs
2203_57,Walking
2203_58,Walking
2203_59,Jogging
2203_60,Walking
2203_61,Jogging
2203_62,Upstairs
2203_63,Jogging
2203_64,Walking
2203_65,Jogging
2203_66,Walking
2203_67,Jogging
2203_68,Jogging
2203_69,Walking
2203_70,Walking
2203_71,Walking
2203_72,Upstairs
2203_73,Jogging
2203_74,Walking
2203_75,Walking
2203_76,Upstairs
2203_77,Walking
2203_78,Upstairs
2203_79,Upstairs
2203_80,Upstairs
2203_81,Upstairs
2203_82,Walking
2203_83,Walking
2203_84,Walking
2203_85,Jogging
2203_86,Walking
2203_87,Walking
2203_88,Walking
2203_89,Jogging
2203_90,Jogging
2203_91,Upstairs
2203_92,Walking
2203_93,Walking
2203_94,Upstairs
2203_95,Upstairs
2203_96,Walking
2203_97,Walking
2203_98,Walking
2203_99,Walking
2203_100,Jogging
2203_101,Jogging
2203_102,Walking
2203_103,Walking
2203_104,Walking
2203_105,Jogging
2203_106,Jogging
2203_107,Upstairs
2203_108,Walking
2203_109,Jogging
2203_110,Upstairs
2203_111,Walking
2203_112,Downstairs
2203_113,Walking
2203_114,Walking
2203_115,Upstairs
2203_116,Jogging
2203_117,Upstairs
2203_118,Jogging
2203_119,Jogging
2203_120,Walking
2203_121,Walking
2203_122,Jogging
2203_123,Jogging
2203_124,Jogging
2203_125,Walking
2203_126,Jogging
2203_127,Jogging
2203_128,Jogging
2203_129,Jogging
2203_130,Walking
2203_131,Walking
2203_132,Walking
2203_133,Jogging
2203_134,Walking
2203_135,Walking
2203_136,Upstairs
2203_137,Jogging
2203_138,Jogging
2203_139,Jogging
2203_140,Jogging
2203_141,Walking
2203_142,Jogging
2203_143,Walking
2203_144,Walking
2203_145,Walking
2203_146,Walking
2203_147,Jogging
2203_148,Jogging
2203_149,Jogging
2203_150,Walking
2203_151,Walking
2203_152,Walking
2203_153,Jogging
2203_154,Walking
2203_155,Jogging
2203_156,Upstairs
2203_157,Walking
2203_158,Walking
2203_159,Walking
2203_160,Jogging
2203_161,Jogging
2203_162,Jogging
2203_163,Walking
2203_164,Walking
2203_165,Walking
2203_166,Walking
2203_167,Upstairs
2203_168,Jogging
2203_169,Jogging
2203_170,Walking
2203_171,Walking
2203_172,Walking
2203_173,Jogging
2203_174,Upstairs
2203_175,Jogging
2203_176,Walking
2203_177,Walking
2203_178,Walking
2203_179,Jogging
2203_180,Walking
2203_181,Jogging
2203_182,Upstairs
2203_183,Walking
2203_184,Walking
2203_185,Jogging
2203_186,Jogging
2203_187,Jogging
2203_188,Jogging
2203_189,Jogging
2203_190,Upstairs
2203_191,Walking
2203_192,Jogging
2203_193,Jogging
2203_194,Upstairs
2203_195,Walking
2203_196,Jogging
2203_197,Jogging
2203_198,Upstairs
2203_199,Walking
2203_200,Downstairs
2203_201,Walking
2203_202,Jogging
2203_203,Walking
2203_204,Jogging
2203_205,Jogging
2203_206,Upstairs
2203_207,Jogging
2203_208,Downstairs
2203_209,Jogging
2203_210,Jogging
2203_211,Walking
2203_212,Jogging
2203_213,Walking
2203_214,Jogging
2203_215,Upstairs
2203_216,Jogging
2203_217,Upstairs
2203_218,Walking
2203_219,Jogging
2203_220,Jogging
2203_221,Walking
2203_222,Walking
2203_223,Walking
2203_224,Jogging
2203_225,Walking
2203_226,Walking
2203_227,Upstairs
2203_228,Walking
2203_229,Walking
2203_230,Upstairs
2203_231,Walking
2203_232,Jogging
2203_233,Walking
2203_234,Downstairs
2203_235,Upstairs
2203_236,Upstairs
2203_237,Walking
2203_238,Upstairs
2203_239,Upstairs
2203_240,Walking
2203_241,Jogging
2203_242,Jogging
2203_243,Jogging
2203_244,Jogging
2203_245,Walking
2203_246,Jogging
2203_247,Jogging
2203_248,Walking
2203_249,Upstairs
2203_250,Walking
2203_251,Walking
2203_252,Walking
2203_253,Downstairs
2203_254,Jogging
2203_255,Upstairs
2203_256,Jogging
2203_257,Jogging
2203_258,Walking
2203_259,Jogging
2203_260,Upstairs
2203_261,Walking
2203_262,Jogging
2203_263,Walking
2203_264,Walking
2203_265,Jogging
2203_266,Upstairs
2203_267,Walking
2203_268,Walking
2203_269,Walking
2203_270,Walking
2203_271,Upstairs
2203_272,Jogging
2203_273,Walking
2203_274,Walking
2203_275,Walking
2203_276,Upstairs
2203_277,Jogging
2203_278,Walking
2203_279,Upstairs
2203_280,Walking
2203_281,Jogging
2203_282,Jogging
2203_283,Walking
2203_284,Walking
2203_285,Walking
2203_286,Jogging
2203_287,Jogging
2203_288,Walking
2203_289,Walking
2203_290,Walking
2203_291,Upstairs
2203_292,Jogging
2203_293,Walking
2203_294,Walking
2203_295,Walking
2203_296,Walking
2203_297,Standing
2203_298,Walking
2203_299,Walking
2203_300,Walking
2203_301,Walking
2203_302,Walking
2203_303,Jogging
2203_304,Upstairs
2203_305,Jogging
2203_306,Walking
2203_307,Walking
2203_308,Upstairs
2203_309,Upstairs
2203_310,Walking
2203_311,Jogging
2203_312,Walking
2203_313,Upstairs
2203_314,Upstairs
2203_315,Jogging
2203_316,Walking
2203_317,Walking
2203_318,Downstairs
2203_319,Walking
2203_320,Walking
2203_321,Walking
2203_322,Downstairs
2203_323,Walking
2203_324,Jogging
2203_325,Walking
2203_326,Walking
2203_327,Jogging
2203_328,Jogging
2203_329,Walking
2203_330,Jogging
2203_331,Downstairs
2203_332,Jogging
2203_333,Walking
2203_334,Walking
2203_335,Jogging
2203_336,Jogging
2203_337,Walking
2203_338,Walking
2203_339,Upstairs
2203_340,Walking
2203_341,Jogging
2203_342,Upstairs
2203_343,Jogging
2203_344,Jogging
2203_345,Walking
2203_346,Jogging
2203_347,Walking
2203_348,Jogging
2203_349,Jogging
2203_350,Walking
2203_351,Walking
2203_352,Jogging
2203_353,Jogging
2203_354,Jogging
2203_355,Walking
2203_356,Jogging
2203_357,Walking
2203_358,Downstairs
2203_359,Jogging
2203_360,Walking
2203_361,Jogging
2203_362,Upstairs
2203_363,Jogging
2203_364,Upstairs
2203_365,Jogging
2203_366,Jogging
2203_367,Jogging
2203_368,Jogging
2203_369,Walking
2203_370,Walking
2203_371,Walking
2203_372,Walking
2203_373,Walking
2203_374,Upstairs
2203_375,Upstairs
2203_376,Upstairs
2203_377,Walking
2203_378,Jogging
2203_379,Walking
2203_380,Downstairs
2203_381,Walking
2235_0,Downstairs
2235_1,Walking
2235_2,Upstairs
2235_3,Jogging
2235_4,Jogging
2235_5,Upstairs
2235_6,Walking
2235_7,Downstairs
2235_8,Walking
2235_9,Sitting
2235_10,Jogging
2235_11,Upstairs
2235_12,Walking
2235_13,Walking
2235_14,Walking
2235_15,Jogging
2235_16,Upstairs
2235_17,Walking
2235_18,Walking
2235_19,Jogging
2235_20,Jogging
2235_21,Walking
2235_22,Walking
2235_23,Standing
2235_24,Sitting
2235_25,Upstairs
2235_26,Jogging
2235_27,Walking
2235_28,Walking
2235_29,Walking
2235_30,Sitting
2235_31,Jogging
2235_32,Walking
2235_33,Upstairs
2235_34,Walking
2235_35,Walking
2235_36,Walking
2235_37,Walking
2235_38,Jogging
2235_39,Walking
2235_40,Jogging
2235_41,Standing
2235_42,Jogging
2235_43,Jogging
2235_44,Walking
2235_45,Downstairs
2235_46,Walking
2235_47,Walking
2235_48,Walking
2235_49,Jogging
2235_50,Walking
2235_51,Jogging
2235_52,Downstairs
2235_53,Walking
2235_54,Jogging
2235_55,Walking
2235_56,Standing
2235_57,Jogging
2235_58,Jogging
2235_59,Jogging
2235_60,Walking
2235_61,Jogging
2235_62,Jogging
2235_63,Jogging
2235_64,Walking
2235_65,Jogging
2235_66,Walking
2235_67,Upstairs
2235_68,Walking
2235_69,Upstairs
2235_70,Jogging
2235_71,Walking
2235_72,Jogging
2235_73,Upstairs
2235_74,Walking
2235_75,Jogging
2235_76,Jogging
2235_77,Jogging
2235_78,Upstairs
2235_79,Sitting
2235_80,Jogging
2235_81,Walking
2235_82,Downstairs
2235_83,Upstairs
2235_84,Jogging
2235_85,Walking
2235_86,Walking
2235_87,Upstairs
2235_88,Upstairs
2235_89,Upstairs
2235_90,Jogging
2235_91,Jogging
2235_92,Walking
2235_93,Walking
2235_94,Walking
2235_95,Jogging
2235_96,Jogging
2235_97,Walking
2235_98,Upstairs
2235_99,Standing
2235_100,Walking
2235_101,Jogging
2235_102,Sitting
2235_103,Standing
2235_104,Walking
2235_105,Jogging
2235_106,Upstairs
2235_107,Jogging
2235_108,Walking
2235_109,Walking
2235_110,Walking
2235_111,Walking
2235_112,Walking
2235_113,Jogging
2235_114,Standing
2235_115,Walking
2235_116,Upstairs
2235_117,Jogging
2235_118,Walking
2235_119,Walking
2235_120,Walking
2235_121,Jogging
2235_122,Jogging
2235_123,Walking
2235_124,Jogging
2235_125,Jogging
2235_126,Upstairs
2235_127,Walking
2235_128,Upstairs
2235_129,Sitting
2235_130,Jogging
2235_131,Downstairs
2235_132,Jogging
2235_133,Jogging
2235_134,Walking
2235_135,Walking
2235_136,Sitting
2235_137,Walking
2235_138,Jogging
2235_139,Jogging
2235_140,Walking
2235_141,Jogging
2235_142,Jogging
2235_143,Walking
2235_144,Standing
2235_145,Walking
2235_146,Jogging
2235_147,Standing
2235_148,Jogging
2235_149,Walking
2235_150,Walking
2235_151,Walking
2235_152,Walking
2235_153,Sitting
2235_154,Jogging
2235_155,Standing
2235_156,Jogging
2235_157,Walking
2235_158,Upstairs
2235_159,Walking
2235_160,Jogging
2235_161,Sitting
2235_162,Walking
2235_163,Walking
2235_164,Walking
2235_165,Jogging
2235_166,Walking
2235_167,Walking
2235_168,Walking
2235_169,Jogging
2235_170,Walking
2235_171,Jogging
2235_172,Upstairs
2235_173,Standing
2235_174,Upstairs
2235_175,Upstairs
2235_176,Walking
2235_177,Downstairs
2235_178,Walking
2235_179,Jogging
2235_180,Walking
2235_181,Jogging
2235_182,Walking
2235_183,Upstairs
2235_184,Downstairs
2235_185,Upstairs
2235_186,Sitting
2235_187,Walking
2235_188,Walking
2235_189,Walking
2235_190,Walking
2235_191,Walking
2235_192,Walking
2235_193,Jogging
2235_194,Jogging
2235_195,Jogging
2235_196,Walking
2235_197,Walking
2235_198,Walking
2235_199,Upstairs
2235_200,Jogging
2235_201,Walking
2235_202,Walking
2235_203,Jogging
2235_204,Jogging
2235_205,Walking
2235_206,Upstairs
2235_207,Jogging
2235_208,Walking
2235_209,Downstairs
2235_210,Walking
2235_211,Upstairs
2235_212,Upstairs
2235_213,Jogging
2235_214,Jogging
2235_215,Walking
2235_216,Jogging
2235_217,Sitting
2235_218,Upstairs
2235_219,Downstairs
2235_220,Walking
2235_221,Downstairs
2235_222,Sitting
2235_223,Jogging
2235_224,Jogging
2235_225,Walking
2235_226,Standing
2235_227,Downstairs
2235_228,Walking
2235_229,Walking
2235_230,Downstairs
2235_231,Walking
2235_232,Standing
2235_233,Sitting
2235_234,Jogging
2235_235,Upstairs
2235_236,Jogging
2235_237,Walking
2235_238,Walking
2235_239,Jogging
2235_240,Walking
2235_241,Jogging
2235_242,Walking
2235_243,Jogging
2235_244,Jogging
2235_245,Jogging
2235_246,Walking
2235_247,Jogging
2235_248,Walking
2235_249,Walking
2235_250,Standing
2235_251,Jogging
2235_252,Walking
2235_253,Jogging
2235_254,Walking
2235_255,Jogging
2235_256,Jogging
2235_257,Jogging
2235_258,Walking
2235_259,Walking
2235_260,Jogging
2235_261,Walking
2235_262,Walking
2235_263,Sitting
2235_264,Walking
2235_265,Upstairs
2235_266,Walking
2235_267,Jogging
2235_268,Sitting
2235_269,Upstairs
2235_270,Jogging
2235_271,Upstairs
2235_272,Upstairs
2235_273,Upstairs
2235_274,Upstairs
2235_275,Jogging
2235_276,Walking
2235_277,Sitting
2235_278,Upstairs
2235_279,Walking
2235_280,Upstairs
2235_281,Walking
2235_282,Walking
2235_283,Walking
2235_284,Sitting
2235_285,Walking
2235_286,Jogging
2235_287,Walking
2235_288,Jogging
2235_289,Jogging
2235_290,Jogging
2235_291,Jogging
2235_292,Standing
2235_293,Jogging
2235_294,Walking
2235_295,Standing
2235_296,Jogging
2235_297,Jogging
2235_298,Walking
2235_299,Sitting
2235_300,Walking
2235_301,Walking
2235_302,Jogging
2235_303,Walking
2235_304,Sitting
2235_305,Jogging
2235_306,Walking
2235_307,Sitting
2235_308,Walking
2235_309,Walking
2235_310,Walking
2235_311,Upstairs
2235_312,Jogging
2235_313,Walking
2235_314,Jogging
2235_315,Upstairs
2235_316,Upstairs
2235_317,Walking
2235_318,Jogging
2235_319,Jogging
2235_320,Jogging
2235_321,Standing
2235_322,Jogging
2235_323,Walking
2235_324,Upstairs
2235_325,Upstairs
2235_326,Walking
2235_327,Walking
2235_328,Walking
2235_329,Walking
2235_330,Downstairs
2235_331,Walking
2235_332,Walking
2235_333,Upstairs
2235_334,Jogging
2235_335,Walking
2235_336,Jogging
2235_337,Walking
2235_338,Jogging
2235_339,Walking
2235_340,Walking
2235_341,Downstairs
2235_342,Sitting
2235_343,Sitting
2235_344,Jogging
2235_345,Walking
2235_346,Jogging
2235_347,Downstairs
2235_348,Walking
2235_349,Jogging
2235_350,Downstairs
2235_351,Walking
2235_352,Jogging
2235_353,Walking
2235_354,Sitting
2235_355,Jogging
2235_356,Walking
2235_357,Walking
2235_358,Walking
2235_359,Walking
2235_360,Jogging
2235_361,Walking
2235_362,Upstairs
2235_363,Jogging
2235_364,Downstairs
2235_365,Walking
2235_366,Jogging
2235_367,Walking
2235_368,Upstairs
2235_369,Upstairs
2235_370,Walking
2235_371,Walking
2235_372,Downstairs
2235_373,Walking
2235_374,Walking
2235_375,Sitting
2235_376,Walking
2235_377,Walking
2235_378,Upstairs
2235_379,Standing
2235_380,Walking
2235_381,Jogging
2235_382,Jogging
2235_383,Walking
2235_384,Sitting
2235_385,Walking
2235_386,Jogging
2235_387,Jogging
2235_388,Walking
2235_389,Standing
2235_390,Upstairs
2235_391,Downstairs
2235_392,Standing
2235_393,Walking
2235_394,Jogging
2235_395,Upstairs
2235_396,Jogging
2235_397,Jogging
2235_398,Walking
2235_399,Jogging
2235_400,Jogging
2235_401,Jogging
2235_402,Upstairs
2235_403,Upstairs
2235_404,Walking
2235_405,Walking
2235_406,Walking
2235_407,Jogging
2235_408,Jogging
2235_409,Upstairs
2235_410,Downstairs
2235_411,Standing
2235_412,Walking
2235_413,Walking
2235_414,Walking
2235_415,Walking
2235_416,Walking
2235_417,Jogging
2235_418,Upstairs
2235_419,Jogging
2235_420,Walking
2235_421,Jogging
2235_422,Walking
2235_423,Downstairs
2235_424,Sitting
2235_425,Jogging
2235_426,Jogging
2235_427,Standing
2235_428,Jogging
2235_429,Jogging
2235_430,Walking
2235_431,Walking
2235_432,Walking
2235_433,Jogging
2235_434,Jogging
2235_435,Jogging
2235_436,Sitting
2235_437,Sitting
2235_438,Jogging
2235_439,Jogging
2235_440,Walking
2235_441,Downstairs
2235_442,Jogging
2346_0,Upstairs
2346_1,Upstairs
2346_2,Jogging
2346_3,Upstairs
2346_4,Walking
2346_5,Walking
2346_6,Walking
2346_7,Jogging
2346_8,Jogging
2346_9,Upstairs
2346_10,Upstairs
2346_11,Jogging
2346_12,Upstairs
2346_13,Walking
2346_14,Jogging
2346_15,Upstairs
2346_16,Walking
2346_17,Downstairs
2346_18,Jogging
2346_19,Upstairs
2346_20,Walking
2346_21,Jogging
2346_22,Jogging
2346_23,Walking
2346_24,Upstairs
2346_25,Jogging
2346_26,Upstairs
2346_27,Upstairs
2346_28,Walking
2346_29,Upstairs
2346_30,Jogging
2346_31,Walking
2346_32,Upstairs
2346_33,Upstairs
2346_34,Jogging
2346_35,Walking
2346_36,Walking
2346_37,Upstairs
2346_38,Downstairs
2346_39,Upstairs
2346_40,Upstairs
2346_41,Jogging
2346_42,Walking
2346_43,Walking
2346_44,Walking
2346_45,Standing
2346_46,Walking
2346_47,Walking
2346_48,Upstairs
2346_49,Upstairs
2346_50,Upstairs
2346_51,Standing
2346_52,Walking
2346_53,Downstairs
2346_54,Upstairs
2346_55,Downstairs
2346_56,Walking
2346_57,Walking
2346_58,Jogging
2346_59,Jogging
2346_60,Walking
2346_61,Upstairs
2346_62,Upstairs
2346_63,Jogging
2346_64,Walking
2346_65,Jogging
2346_66,Jogging
2346_67,Upstairs
2346_68,Upstairs
2346_69,Walking
2346_70,Upstairs
2346_71,Upstairs
2346_72,Jogging
2346_73,Walking
2346_74,Jogging
2346_75,Upstairs
2346_76,Walking
2346_77,Jogging
2346_78,Sitting
2346_79,Walking
2346_80,Jogging
2346_81,Walking
2346_82,Upstairs
2346_83,Upstairs
2346_84,Walking
2346_85,Upstairs
2346_86,Upstairs
2346_87,Walking
2346_88,Walking
2346_89,Walking
2346_90,Upstairs
2346_91,Walking
2346_92,Upstairs
2346_93,Walking
2346_94,Sitting
2346_95,Jogging
2346_96,Jogging
2346_97,Upstairs
2346_98,Jogging
2346_99,Walking
2346_100,Downstairs
2346_101,Walking
2346_102,Upstairs
2346_103,Jogging
2346_104,Walking
2346_105,Upstairs
2346_106,Upstairs
2346_107,Walking
2346_108,Walking
2346_109,Standing
2346_110,Jogging
2346_111,Upstairs
2346_112,Walking
2346_113,Upstairs
2346_114,Walking
2346_115,Jogging
2346_116,Walking
2346_117,Walking
2346_118,Walking
2346_119,Walking
2346_120,Upstairs
2346_121,Upstairs
2346_122,Walking
2346_123,Jogging
2346_124,Jogging
2346_125,Upstairs
2346_126,Walking
2346_127,Walking
2346_128,Jogging
2346_129,Upstairs
2346_130,Jogging
2346_131,Walking
2346_132,Walking
2346_133,Jogging
2346_134,Jogging
2346_135,Jogging
2346_136,Walking
2346_137,Jogging
2346_138,Jogging
2346_139,Jogging
2346_140,Upstairs
2346_141,Jogging
2346_142,Upstairs
2346_143,Upstairs
2346_144,Jogging
2346_145,Walking
2346_146,Upstairs
2346_147,Standing
2346_148,Jogging
2346_149,Upstairs
2346_150,Downstairs
2346_151,Walking
2346_152,Upstairs
2346_153,Jogging
2346_154,Jogging
2346_155,Walking
2346_156,Walking
2346_157,Jogging
2346_158,Jogging
2346_159,Jogging
2346_160,Upstairs
2346_161,Upstairs
2346_162,Walking
2346_163,Walking
2346_164,Walking
2346_165,Upstairs
2346_166,Jogging
2346_167,Upstairs
2346_168,Walking
2346_169,Walking
2346_170,Upstairs
2346_171,Upstairs
2346_172,Upstairs
2346_173,Jogging
2346_174,Jogging
2346_175,Upstairs
2346_176,Jogging
2346_177,Upstairs
2346_178,Walking
2346_179,Walking
2346_180,Walking
2346_181,Upstairs
2346_182,Upstairs
2346_183,Jogging
2346_184,Jogging
2346_185,Upstairs
2346_186,Upstairs
2346_187,Walking
2346_188,Jogging
2346_189,Upstairs
2346_190,Walking
2346_191,Upstairs
2346_192,Upstairs
2346_193,Upstairs
2346_194,Walking
2346_195,Upstairs
2346_196,Upstairs
2346_197,Upstairs
2346_198,Walking
2346_199,Upstairs
2346_200,Jogging
2346_201,Upstairs
2346_202,Jogging
2346_203,Upstairs
2346_204,Jogging
2346_205,Jogging
2346_206,Upstairs
2346_207,Walking
2346_208,Downstairs
2346_209,Walking
2346_210,Walking
2346_211,Walking
2346_212,Walking
2346_213,Jogging
2346_214,Jogging
2346_215,Jogging
2346_216,Walking
2346_217,Walking
2346_218,Walking
2346_219,Jogging
2346_220,Jogging
2346_221,Upstairs
2346_222,Upstairs
2346_223,Jogging
2383_0,Downstairs
2383_1,Downstairs
2383_2,Walking
2383_3,Walking
2383_4,Jogging
2383_5,Walking
2383_6,Downstairs
2383_7,Downstairs
2383_8,Jogging
2383_9,Walking
2383_10,Jogging
2383_11,Jogging
2383_12,Standing
2383_13,Downstairs
2383_14,Downstairs
2383_15,Walking
2383_16,Downstairs
2383_17,Jogging
2383_18,Walking
2383_19,Jogging
2383_20,Standing
2383_21,Downstairs
2383_22,Jogging
2383_23,Walking
2383_24,Standing
2383_25,Walking
2383_26,Jogging
2383_27,Jogging
2383_28,Walking
2383_29,Walking
2383_30,Walking
2383_31,Standing
2383_32,Downstairs
2383_33,Walking
2383_34,Walking
2383_35,Walking
2383_36,Jogging
2383_37,Walking
2383_38,Jogging
2383_39,Walking
2383_40,Walking
2383_41,Jogging
2383_42,Walking
2383_43,Jogging
2383_44,Standing
2383_45,Walking
2383_46,Walking
2383_47,Downstairs
2383_48,Jogging
2383_49,Walking
2383_50,Downstairs
2383_51,Downstairs
2383_52,Downstairs
2383_53,Jogging
2383_54,Standing
2383_55,Upstairs
2383_56,Jogging
2383_57,Jogging
2383_58,Standing
2383_59,Standing
2383_60,Walking
2383_61,Jogging
2383_62,Jogging
2383_63,Walking
2383_64,Jogging
2383_65,Jogging
2383_66,Walking
2383_67,Walking
2383_68,Jogging
2383_69,Downstairs
2383_70,Walking
2383_71,Jogging
2383_72,Jogging
2383_73,Jogging
2383_74,Jogging
2383_75,Jogging
2383_76,Jogging
2383_77,Jogging
2383_78,Standing
2383_79,Jogging
2383_80,Walking
2383_81,Jogging
2383_82,Walking
2383_83,Walking
2383_84,Walking
2383_85,Jogging
2383_86,Jogging
2383_87,Walking
2383_88,Downstairs
2383_89,Standing
2383_90,Jogging
2383_91,Jogging
2383_92,Walking
2383_93,Walking
2383_94,Walking
2383_95,Walking
2383_96,Jogging
2383_97,Jogging
2383_98,Downstairs
2383_99,Downstairs
2383_100,Standing
2383_101,Upstairs
2383_102,Jogging
2383_103,Walking
2383_104,Jogging
2383_105,Downstairs
2383_106,Standing
2383_107,Standing
2383_108,Jogging
2383_109,Jogging
2383_110,Jogging
2383_111,Jogging
2383_112,Walking
2383_113,Jogging
2383_114,Downstairs
2383_115,Jogging
2383_116,Downstairs
2383_117,Jogging
2383_118,Walking
2383_119,Walking
2383_120,Walking
2383_121,Jogging
2383_122,Standing
2383_123,Walking
2383_124,Standing
2383_125,Standing
2383_126,Jogging
2383_127,Jogging
2383_128,Jogging
2383_129,Standing
2383_130,Jogging
2383_131,Walking
2383_132,Jogging
2383_133,Walking
2383_134,Jogging
2383_135,Walking
2383_136,Walking
2383_137,Jogging
2383_138,Walking
2383_139,Jogging
2383_140,Jogging
2383_141,Jogging
2383_142,Jogging
2383_143,Jogging
2383_144,Walking
2383_145,Jogging
2383_146,Jogging
2383_147,Jogging
2383_148,Jogging
2383_149,Jogging
2383_150,Standing
2383_151,Walking
2383_152,Standing
2383_153,Jogging
2383_154,Jogging
2383_155,Jogging
2383_156,Downstairs
2383_157,Walking
2383_158,Jogging
2383_159,Jogging
2383_160,Downstairs
2383_161,Walking
2383_162,Jogging
2383_163,Downstairs
2383_164,Jogging
2383_165,Jogging
2383_166,Downstairs
2383_167,Walking
2383_168,Standing
2383_169,Jogging
2383_170,Walking
2383_171,Jogging
2383_172,Walking
2383_173,Standing
2383_174,Jogging
2383_175,Jogging
2383_176,Jogging
2383_177,Jogging
2383_178,Walking
2383_179,Walking
2383_180,Walking
2383_181,Walking
2383_182,Jogging
2383_183,Walking
2383_184,Jogging
2383_185,Jogging
2383_186,Jogging
2383_187,Jogging
2383_188,Standing
2383_189,Downstairs
2383_190,Walking
2383_191,Jogging
2383_192,Standing
2383_193,Walking
2383_194,Downstairs
2383_195,Jogging
2383_196,Jogging
2383_197,Jogging
2383_198,Walking
2383_199,Jogging
2383_200,Downstairs
2383_201,Jogging
2383_202,Jogging
2383_203,Standing
2383_204,Walking
2383_205,Jogging
2383_206,Upstairs
2383_207,Walking
2383_208,Walking
2383_209,Standing
2383_210,Walking
2383_211,Upstairs
2383_212,Jogging
2383_213,Walking
2383_214,Jogging
2383_215,Walking
2383_216,Jogging
2383_217,Standing
2383_218,Walking
2383_219,Upstairs
2383_220,Jogging
2383_221,Jogging
2383_222,Jogging
2383_223,Jogging
2383_224,Walking
2383_225,Walking
2383_226,Walking
2383_227,Standing
2383_228,Walking
2383_229,Standing
2383_230,Walking
2383_231,Walking
2383_232,Walking
2383_233,Walking
2383_234,Walking
2383_235,Walking
2383_236,Jogging
2383_237,Jogging
2383_238,Walking
2383_239,Upstairs
2383_240,Jogging
2383_241,Jogging
2383_242,Walking
2383_243,Walking
2383_244,Standing
2383_245,Jogging
2383_246,Walking
2383_247,Standing
2383_248,Jogging
2383_249,Walking
2383_250,Walking
2383_251,Jogging
2383_252,Downstairs
2383_253,Walking
2383_254,Walking
2383_255,Jogging
2383_256,Downstairs
2383_257,Downstairs
2383_258,Jogging
2383_259,Jogging
2383_260,Walking
2383_261,Standing
2383_262,Walking
2383_263,Walking
2383_264,Walking
2383_265,Walking
2383_266,Standing
2383_267,Jogging
2383_268,Walking
2383_269,Walking
2383_270,Upstairs
2383_271,Jogging
2383_272,Downstairs
2383_273,Jogging
2383_274,Jogging
2383_275,Downstairs
2383_276,Jogging
2383_277,Walking
2383_278,Upstairs
2383_279,Walking
2383_280,Walking
2383_281,Walking
2383_282,Walking
2383_283,Standing
2383_284,Jogging
2383_285,Jogging
2383_286,Standing
2383_287,Downstairs
2383_288,Jogging
2383_289,Downstairs
2383_290,Downstairs
2383_291,Walking
2383_292,Walking
2383_293,Walking
2383_294,Upstairs
2383_295,Jogging
2383_296,Walking
2383_297,Jogging
2383_298,Jogging
2383_299,Downstairs
2383_300,Walking
2383_301,Jogging
2383_302,Jogging
2383_303,Walking
2383_304,Walking
2383_305,Jogging
2383_306,Jogging
2383_307,Jogging
2383_308,Downstairs
2383_309,Walking
2383_310,Jogging
2383_311,Walking
2383_312,Walking
2383_313,Jogging
2383_314,Walking
2383_315,Standing
2383_316,Jogging
2383_317,Walking
2383_318,Jogging
2383_319,Jogging
2383_320,Walking
2383_321,Jogging
2383_322,Walking
2383_323,Jogging
2383_324,Walking
2383_325,Walking
2383_326,Walking
2383_327,Walking
2383_328,Walking
2383_329,Jogging
2383_330,Standing
2383_331,Downstairs
2383_332,Standing
2383_333,Walking
2480_0,Downstairs
2480_1,Jogging
2480_2,Jogging
2480_3,Walking
2480_4,Sitting
2480_5,Upstairs
2480_6,Standing
2480_7,Walking
2480_8,Jogging
2480_9,Walking
2480_10,Jogging
2480_11,Standing
2480_12,Jogging
2480_13,Walking
2480_14,Downstairs
2480_15,Jogging
2480_16,Jogging
2480_17,Jogging
2480_18,Upstairs
2480_19,Walking
2480_20,Jogging
2480_21,Jogging
2480_22,Downstairs
2480_23,Upstairs
2480_24,Jogging
2480_25,Jogging
2480_26,Downstairs
2480_27,Jogging
2480_28,Walking
2480_29,Walking
2480_30,Walking
2480_31,Walking
2480_32,Jogging
2480_33,Jogging
2480_34,Standing
2480_35,Jogging
2480_36,Standing
2480_37,Upstairs
2480_38,Standing
2480_39,Jogging
2480_40,Jogging
2480_41,Jogging
2480_42,Jogging
2480_43,Sitting
2480_44,Downstairs
2480_45,Jogging
2480_46,Sitting
2480_47,Walking
2480_48,Jogging
2480_49,Walking
2480_50,Jogging
2480_51,Walking
2480_52,Walking
2480_53,Walking
2480_54,Walking
2480_55,Upstairs
2480_56,Standing
2480_57,Walking
2480_58,Walking
2480_59,Jogging
2480_60,Walking
2480_61,Sitting
2480_62,Jogging
2480_63,Walking
2480_64,Walking
2480_65,Walking
2480_66,Upstairs
2480_67,Upstairs
2480_68,Sitting
2480_69,Walking
2480_70,Walking
2480_71,Walking
2480_72,Sitting
2480_73,Walking
2480_74,Upstairs
2480_75,Walking
2480_76,Downstairs
2480_77,Upstairs
2480_78,Walking
2480_79,Walking
2480_80,Jogging
2480_81,Walking
2480_82,Walking
2480_83,Walking
2480_84,Jogging
2480_85,Upstairs
2480_86,Sitting
2480_87,Jogging
2480_88,Jogging
2480_89,Jogging
2480_90,Upstairs
2480_91,Jogging
2480_92,Walking
2480_93,Jogging
2480_94,Jogging
2480_95,Walking
2480_96,Jogging
2480_97,Walking
2480_98,Jogging
2480_99,Upstairs
2480_100,Jogging
2480_101,Walking
2480_102,Walking
2480_103,Walking
2480_104,Jogging
2480_105,Upstairs
2480_106,Jogging
2480_107,Standing
2480_108,Jogging
2480_109,Upstairs
2480_110,Walking
2480_111,Walking
2480_112,Jogging
2480_113,Walking
2480_114,Jogging
2480_115,Jogging
2480_116,Jogging
2480_117,Sitting
2480_118,Standing
2480_119,Walking
2480_120,Walking
2480_121,Walking
2480_122,Walking
2480_123,Walking
2480_124,Walking
2480_125,Jogging
2480_126,Jogging
2480_127,Jogging
2480_128,Walking
2480_129,Walking
2480_130,Jogging
2480_131,Upstairs
2480_132,Upstairs
2480_133,Upstairs
2480_134,Standing
2480_135,Walking
2480_136,Jogging
2480_137,Jogging
2480_138,Walking
2480_139,Walking
2480_140,Walking
2480_141,Jogging
2480_142,Walking
2480_143,Jogging
2480_144,Jogging
2480_145,Walking
2480_146,Jogging
2480_147,Walking
2480_148,Walking
2480_149,Walking
2480_150,Walking
2480_151,Walking
2480_152,Walking
2480_153,Jogging
2480_154,Walking
2480_155,Walking
2480_156,Jogging
2480_157,Downstairs
2480_158,Walking
2480_159,Upstairs
2480_160,Walking
2480_161,Upstairs
2480_162,Jogging
2480_163,Sitting
2480_164,Upstairs
2480_165,Jogging
2480_166,Walking
2480_167,Jogging
2480_168,Walking
2480_169,Downstairs
2480_170,Upstairs
2480_171,Downstairs
2480_172,Downstairs
2480_173,Walking
2480_174,Walking
2480_175,Jogging
2480_176,Walking
2480_177,Walking
2480_178,Jogging
2480_179,Jogging
2480_180,Sitting
2480_181,Walking
2480_182,Upstairs
2480_183,Jogging
2480_184,Sitting
2480_185,Walking
2480_186,Walking
2480_187,Standing
2480_188,Walking
2480_189,Walking
2480_190,Upstairs
2480_191,Standing
2480_192,Jogging
2480_193,Jogging
2480_194,Sitting
2480_195,Walking
2480_196,Jogging
2480_197,Jogging
2480_198,Jogging
2480_199,Sitting
2480_200,Walking
2480_201,Upstairs
2480_202,Jogging
2480_203,Upstairs
2480_204,Walking
2480_205,Walking
2480_206,Sitting
2480_207,Walking
2480_208,Sitting
2480_209,Jogging
2480_210,Upstairs
2480_211,Walking
2480_212,Walking
2480_213,Sitting
2480_214,Upstairs
2480_215,Upstairs
2480_216,Jogging
2480_217,Jogging
2480_218,Jogging
2480_219,Standing
2480_220,Jogging
2480_221,Walking
2480_222,Jogging
2480_223,Walking
2480_224,Upstairs
2480_225,Sitting
2480_226,Walking
2480_227,Jogging
2480_228,Walking
2480_229,Walking
2480_230,Sitting
2480_231,Sitting
2480_232,Upstairs
2480_233,Walking
2480_234,Sitting
2480_235,Walking
2480_236,Walking
2480_237,Walking
2480_238,Jogging
2480_239,Walking
2480_240,Jogging
2480_241,Walking
2480_242,Upstairs
2480_243,Sitting
2480_244,Walking
2480_245,Walking
2480_246,Jogging
2480_247,Walking
2480_248,Walking
2480_249,Downstairs
2480_250,Jogging
2480_251,Standing
2480_252,Walking
2480_253,Jogging
2480_254,Downstairs
2480_255,Sitting
2480_256,Walking
2480_257,Walking
2480_258,Upstairs
2480_259,Sitting
2480_260,Upstairs
2480_261,Upstairs
2480_262,Jogging
2480_263,Jogging
2480_264,Walking
2480_265,Walking
2480_266,Walking
2480_267,Downstairs
2480_268,Jogging
2480_269,Sitting
2480_270,Upstairs
2480_271,Walking
2480_272,Walking
2480_273,Walking
2480_274,Downstairs
2480_275,Walking
2480_276,Sitting
2480_277,Walking
2480_278,Standing
2480_279,Jogging
2480_280,Downstairs
2480_281,Jogging
2480_282,Walking
2480_283,Jogging
2480_284,Walking
2480_285,Standing
2480_286,Walking
2480_287,Downstairs
2480_288,Jogging
2480_289,Walking
2480_290,Walking
2480_291,Sitting
2480_292,Walking
2480_293,Jogging
2480_294,Walking
2480_295,Walking
2480_296,Walking
2480_297,Walking
2480_298,Jogging
2480_299,Walking
2480_300,Upstairs
2480_301,Jogging
2480_302,Downstairs
2480_303,Jogging
2480_304,Walking
2480_305,Standing
2480_306,Downstairs
2480_307,Sitting
2480_308,Jogging
2480_309,Walking
2480_310,Sitting
2480_311,Sitting
2480_312,Walking
2480_313,Jogging
2480_314,Walking
2480_315,Jogging
2480_316,Jogging
2480_317,Jogging
2480_318,Upstairs
2480_319,Jogging
2480_320,Upstairs
2480_321,Jogging
2480_322,Walking
2480_323,Jogging
2480_324,Sitting
2480_325,Jogging
2480_326,Walking
2480_327,Jogging
2480_328,Walking
2480_329,Walking
2480_330,Walking
2480_331,Downstairs
2480_332,Sitting
2480_333,Jogging
